category,product
fener-ve-kafa-lambasi,barnetta-br-s2-xpe-led-sarjli-metal-el-feneri-P313393151
gunluk-spor-ayakkabi,ayakkabix-role-erkek-spor-ayakkabi-erkekbayancocuk-P238339646
guneslik,her-araca-uygun-oto-kar-buz-brandasi-on-cam-brandasi-su-gecirmez-P399454079
kaynak-kitaplar,bilgi-sarmal-yayinlari-11sinif-fizik-soru-bankasi-2022-yeni-P500687222
alfabe-ve-dil,math-forest-learned-games-matematik-oyunu-P427734096
avize,sinem-avize-1005-1wht-yuvarlak-modern-beyaz-tekli-avize-P23206345
siratasli-yuzuk,sirius-f-renk-022-karat-pirlanta-5-tas-yuzuk-0841r0027-P324054746
krem-ve-losyon,bepanthol-cilt-bakim-kremi-100-gr-P164975802
silikon-yastik,yatas-bedding-handy-2li-roll-pack-yastik-seti-50x70-cm-P471122987
sweatshirt,antrasit-bisiklet-yaka-duz-erkek-sweatshirt-slim-fit-P484472624
poset-dosya,gen-of-a4-poset-dosya-100-lu-5-paket-P453678828
vitamin-ve-mineraller,you-plus-vitamin-c-cinko-propolis-skt102023-yeni-ambalaj-P415140289
bicak-setleri,karaca-overcut-6-parca-bicak-seti-P514212659
gezi-ve-turizm,turkiyenin-macera-rotalari-erkin-yesil-P497409441
etkinlikler,profesyonel-ipek-firca-seti-3-adet-farkli-boyutlarda-P520822573